Page URL,Final structure
https://tuanlelaw.com/immigration-lawyer-assistance-us-immigration,/us-visas
https://tuanlelaw.com/us-nonimmigrant-visas-guide,/us-nonimmigrant-visas
https://tuanlelaw.com/f-1-student-visa-application-and-embassy-interview,/us-nonimmigrant-visas/student-visas/f-1-student-visa
https://tuanlelaw.com/us-immigrant-visas-guide-permanent-residency,/us-immigrant-visas
https://tuanlelaw.com/consular-processing-to-get-your-green-card,/us-immigrant-visas/consular-processing
https://www.tuanlelaw.com/tips-successful-diversity-visa-application,/us-immigrant-visas/diversity-visa-lottory/visa-application
https://tuanlelaw.com/eb-1-visas-requirements-eligibility-and-application,/us-immigrant-visas/employment-based-immigration/eb-1/eb-1-visas-requirements
https://tuanlelaw.com/b-1-visa-permitted-activities-understanding-the-restrictions,/us-immigrant-visas/employment-based-immigration/eb-1/b-1-visa-permitted-activities
https://tuanlelaw.com/an-ultimate-guide-to-apply-for-the-b2-visa-by-yourself,/us-immigrant-visas/employment-based-immigration/eb-2/apply-for-the-b2-visa-by-yourself
https://tuanlelaw.com/national-interest-waiver-everything-you-should-know-in-simple-words,/us-immigrant-visas/employment-based-immigration/eb-2/national-interest-waiver
https://tuanlelaw.com/guide-to-h1b-visa-requirements-and-application-by-an-immigration-lawyer,/us-immigrant-visas/employment-based-immigration/h-1b/h1-b-visa-requirements
https://tuanlelaw.com/us-h1b-and-canada-pr-options-for-laid-off-h1b-visa-holders,/us-immigrant-visas/employment-based-immigration/h-1b/us-h1b-and-canada-pr-options-for-laid-off-h1b-visa-holders
https://tuanlelaw.com/family-based-immigration,/us-immigrant-visas/family-based-immigration
https://tuanlelaw.com/green-card-through-marriage,/us-immigrant-visas/family-based-immigration/marriage-visas/green-card-through-marriage
https://tuanlelaw.com/k-1-visa-step-by-step-guide,/us-immigrant-visas/family-based-immigration/fiancé-visas/k-1-visas
https://tuanlelaw.com/immigration-status-and-child-custody-legal-considerations,/us-immigrant-visas/family-based-immigration/immigration-status-and-child-custody
https://www.tuanlelaw.com/guide-naturalization-process-filing-form-n-400-and-other-steps,/citizenship-naturalization/naturalization-filing-form-n-400
https://tuanlelaw.com/become-u-s-citizen-explained-citizenship-lawyer,/citizenship-naturalization/become-a-us-citizen
https://www.tuanlelaw.com/immigration-court-defense-strategies-immigration-lawyer,/deportation-defense/immigration-court-defense-strategies
https://www.tuanlelaw.com/full-representation-in-immigration-matters-for-individuals,/deportation-defense/removal-proceedings/
https://tuanlelaw.com/deportation-defense-strategies-to-fight-removal-proceedings,/deportation-defense/removal-proceedings/fighting-removal-proceedings
https://tuanlelaw.com/undocumented-immigrants-u-s-immigration-challenges,/asylum-humanitarian-relief
https://tuanlelaw.com/asylum-seekers-legal-rights-and-challenges-faced-in-the-u-s,/asylum-humanitarian-relief/asylum/asylum-seekers-rights-and-challenges
https://tuanlelaw.com/application-for-asylum-in-the-usa,/asylum-humanitarian-relief/asylum/application-for-asylum
https://tuanlelaw.com/common-immigration-questions-answered-immigration-lawyer,/resources/common-immigration-questions-answered-immigration-lawyer
https://tuanlelaw.com/us-immigration-policy-2025,/resources/us-immigration-policy-2025
https://tuanlelaw.com/application-for-employment-authorization-how-to-file-form-i-765,/resources/employment-authorization-how-to-file-form-i-765
https://www.tuanlelaw.com/news/biden-immigration-plans,/resources/biden-immigration-plans
https://tuanlelaw.com/eb-2-employment-based-visas-whatever-you-need-to-know,/us-immigrant-visas/employment-based-immigration/eb-2
https://tuanlelaw.com/expedite-uscis-case-expert-tips-from-an-immigration-lawyer,/resources/expedite-uscis-case
https://tuanlelaw.com/how-to-avoid-immigration-application-errors,/resources/how-to-avoid-immigration-application-errors
https://tuanlelaw.com/how-to-prepare-strong-immigration-application-tips,/resources/how-to-prepare-strong-immigration-application-tips
https://tuanlelaw.com/speed-up-immigration-case-with-USCIS,/resources/expedite-uscis-case
https://www.tuanlelaw.com/news/undocumented-immigrants-left-helpless,/resources/undocumented-immigrants-left-helpless
https://www.tuanlelaw.com/news/u-s-immigration-agency-to-bring-back-the-nation-of-immigrants-label,/resources/u-s-immigration-agency-to-bring-back-the-nation-of-immigrants-label
https://www.tuanlelaw.com/news/slow-immigration-causes-worker-shortages,/resources/slow-immigration-causes-worker-shortages
https://www.tuanlelaw.com/news/permanent-residents-evidence-of-status-extended,/resources/permanent-residents-evidence-of-status-extended
https://www.tuanlelaw.com/news/new-nominee-for-cbp,/resources/new-nominee-for-cbp
https://www.tuanlelaw.com/news/new-immigration-proposal-will-benefit-farmworkers-and-dreamers,/resources/new-immigration-proposal-will-benefit-farmworkers-and-dreamers
https://www.tuanlelaw.com/news/immigration-reform-in-social-spending-bill,/resources/immigration-reform-in-social-spending-bill
https://tuanlelaw.com/news/new-immigration-guidelines,/resources/new-immigration-guidelines
https://www.tuanlelaw.com/news/dhs-stops-releasing-migrants-without-court-date,/resources/dhs-stops-releasing-migrants-without-court-date
https://www.tuanlelaw.com/news/insurance-company-fined-for-immigration-related-discrimination,/resources/insurance-company-fined-for-immigration-related-discrimination
https://www.tuanlelaw.com/news/a-path-to-legalization-for-undocumented-immigrants,/resources/a-path-to-legalization-for-undocumented-immigrants
https://www.tuanlelaw.com/news/coronavirus-cases-increased-among-detained-immigrants,/resources/coronavirus-cases-increased-among-detained-immigrants