Page URL,New URL
https://tuanlelaw.com/,same
https://tuanlelaw.com/us-immigration-policy-2025,/immigration-solutions/
https://tuanlelaw.com/7-important-tips-for-immigration-to-california,/immigration-solutions
https://tuanlelaw.com/about-us,deleted
https://tuanlelaw.com/an-ultimate-guide-to-apply-for-the-b2-visa-by-yourself,/employment-based-immigration/eb-2
https://tuanlelaw.com/application-for-asylum-in-the-usa,/asylum-humanitarian-relief/asylum
https://tuanlelaw.com/application-for-employment-authorization-how-to-file-form-i-765,/immigration-solutions
https://tuanlelaw.com/asylum-seekers-legal-rights-and-challenges-faced-in-the-u-s,/asylum-humanitarian-relief/asylum
https://tuanlelaw.com/b-1-visa-permitted-activities-understanding-the-restrictions,/employment-based-immigration/eb-1
https://tuanlelaw.com/bankruptcy-and-immigration-status,deleted
https://tuanlelaw.com/bankruptcy-reform,deleted
https://tuanlelaw.com/become-u-s-citizen-explained-citizenship-lawyer,/citizenship-naturalization
https://tuanlelaw.com/blog,deleted
https://tuanlelaw.com/common-immigration-questions-answered-immigration-lawyer,deleted
https://tuanlelaw.com/consular-processing-to-get-your-green-card,/us-visas/us-immigrant-visas
https://tuanlelaw.com/contact-us,deleted
https://tuanlelaw.com/deportation-defense-strategies-to-fight-removal-proceedings,/deportation-defense
https://tuanlelaw.com/eb-1-visas-requirements-eligibility-and-application,/employment-based-immigration/eb-1
https://tuanlelaw.com/eb-2-employment-based-visas-whatever-you-need-to-know,/employment-based-immigration
https://tuanlelaw.com/estate-planning-attorney,deleted
https://tuanlelaw.com/expedite-uscis-case-expert-tips-from-an-immigration-lawyer,/immigration-solutions
https://tuanlelaw.com/f-1-student-visa-application-and-embassy-interview,/us-visas/us-nonimmigrant-visas/student-visas
https://tuanlelaw.com/family-based-immigration,same
https://tuanlelaw.com/faq,deleted
https://tuanlelaw.com/green-card-through-marriage,/family-based-immigration/marriage-visas
https://tuanlelaw.com/guide-naturalization-process-filing-form-n-400-and-other-steps,/citizenship-naturalization
https://tuanlelaw.com/guide-to-h1b-visa-requirements-and-application-by-an-immigration-lawyer,/employment-based-immigration/h-1b
https://tuanlelaw.com/how-to-avoid-immigration-application-errors,/immigration-solutions/
https://tuanlelaw.com/how-to-prepare-strong-immigration-application-tips,/immigration-solutions/
https://tuanlelaw.com/immigration-court-defense-strategies-immigration-lawyer,/deportation-defense
https://tuanlelaw.com/immigration-lawyer-assistance-us-immigration,/immigration-solutions
https://tuanlelaw.com/immigration-status-and-child-custody-legal-considerations,/family-based-immigration
https://tuanlelaw.com/k-1-visa-step-by-step-guide,/family-based-immigration/fiance-visas
https://tuanlelaw.com/national-interest-waiver-everything-you-should-know-in-simple-words,/employment-based-immigration/eb-2
https://tuanlelaw.com/new-u-s-immigration-policies-in-2022,deleted
https://tuanlelaw.com/news,same
https://tuanlelaw.com/speed-up-immigration-case-with-USCIS,/immigration-solutions/
https://tuanlelaw.com/testimonials,same
https://tuanlelaw.com/tips-successful-diversity-visa-application,/us-visas/
https://tuanlelaw.com/types-of-bankruptcy,deleted
https://tuanlelaw.com/undocumented-immigrants-u-s-immigration-challenges,/asylum-humanitarian-relief
https://tuanlelaw.com/us-h1b-and-canada-pr-options-for-laid-off-h1b-visa-holders,/employment-based-immigration/h-1b
https://tuanlelaw.com/us-immigrant-visas-guide-permanent-residency,/us-visas/us-immigrant-visas/
https://tuanlelaw.com/us-nonimmigrant-visas-guide,/us-visas
https://tuanlelaw.com/blog/page/2,deleted
https://tuanlelaw.com/blog/page/3,deleted
https://tuanlelaw.com/blog/page/4,deleted